number,state,value,stability_threshold,n_estimators,max_depth,learning_rate,subsample,colsample_bytree,min_child_weight,gamma,reg_alpha,reg_lambda,early_stopping_rounds,avg_date_spearman_ic,std_date_spearman_ic,date_spearman_icir,negative_date_spearman_folds,robust_score
0,TrialState.COMPLETE,0.01258420139372999,0.5,658,5,0.018256985333647203,0.8332290311184182,0.46029224714790123,39,4.99465584480253,0.00892622738184373,2.310201887845293,50,0.056969909049296726,0.14192853827783367,0.40139854704749156,6.0,0.01258420139372999
1,TrialState.COMPLETE,-0.00560268579250163,0.5,1385,2,0.01465982870846511,0.786965827544817,0.4732252063599989,26,1.0231447421237492,0.0019554371852085,79.02619549708231,20,0.04603770722063775,0.17820196506569688,0.25834567651184565,6.0,-0.00560268579250163
2,TrialState.COMPLETE,0.005090623455936503,0.7,859,4,0.008789799968685393,0.7580272084711244,0.7233551396716398,11,5.817507766587351,2.953681335681259,75.68292060167619,50,0.03839071757792102,0.09983380394325592,0.38454627652715456,5.0,0.005090623455936503
3,TrialState.COMPLETE,-0.023184989389870972,0.7,957,3,0.01575247354641578,0.6063696899899051,0.8510984903770198,7,5.921321619603104,2.8670381406027654,2.4970737145052717,30,0.026573543605951353,0.15545933164577827,0.1709356609515116,7.0,-0.023184989389870972
4,TrialState.COMPLETE,-0.03133078692779935,0.65,931,2,0.008773636028746229,0.6800733288106988,0.814803089169032,27,5.323276455457959,0.13006590833121745,1.7345566642360934,80,0.026156784088257334,0.18077118841361675,0.14469553648344025,8.0,-0.03133078692779935
5,TrialState.COMPLETE,-0.015721939635590994,0.5,1237,3,0.014451611393326994,0.9130265895704373,0.5746461145744375,19,4.533306831258292,0.010576869105669786,1.4254757044027435,50,0.034323418059429386,0.13022678847510188,0.2635664939705681,9.0,-0.015721939635590994
6,TrialState.COMPLETE,0.04091311300080482,0.65,1408,5,0.00893061129690232,0.5940207698110708,0.5639675812709708,20,4.9080885955349585,7.138306457394989,1.0325337616482033,20,0.07137682066669772,0.11231853832946449,0.6354856618355178,3.0,0.04091311300080482
7,TrialState.COMPLETE,0.008808380915227565,0.5,1572,5,0.007555139935693489,0.7488994023569542,0.6004391549083848,15,0.22132168412719677,0.5359119432621763,10.124137770478635,50,0.05494211628917383,0.15066867686973132,0.3646551986162126,6.0,0.008808380915227565
8,TrialState.COMPLETE,0.038693480669415206,0.55,837,4,0.010127097523197898,0.8029223322374317,0.7667648553804474,24,0.5417386203264498,5.492253282928626,4.380867619725787,80,0.07292719860168566,0.10450192299468561,0.6978550873690079,5.0,0.038693480669415206
9,TrialState.COMPLETE,0.024211770234709887,0.7,987,5,0.005661194707143895,0.6864265404201034,0.5067367606202945,38,5.264036120285886,0.014283542913498086,20.89142634385645,20,0.0623259607396475,0.12390428585802139,0.5030169885411805,5.0,0.024211770234709887
10,TrialState.COMPLETE,0.029503700177453802,0.55,1326,5,0.037593604876688315,0.8619502183430495,0.7710158230771438,8,0.9697722845676826,10.542316635139331,16.325185294676917,50,0.06571344546828732,0.12771539312083424,0.5145303464408119,4.0,0.029503700177453802
11,TrialState.COMPLETE,-0.00042299042720767704,0.7,837,3,0.026356873260035135,0.8098531596188858,0.874611705247089,28,3.4098516200128297,0.0026265960939012793,5.437904873657086,50,0.040692604446742005,0.13891130770308174,0.29293946705707413,5.0,-0.00042299042720767704
12,TrialState.COMPLETE,-0.0030320469135407535,0.45,795,4,0.00812909140869994,0.5597263865725816,0.7727361479535839,11,5.642751506117486,18.657519645423207,67.56608892518739,50,0.04102348602631422,0.1136109980326082,0.3610872779635279,8.0,-0.0030320469135407535
13,TrialState.COMPLETE,0.008899624510865314,0.45,917,2,0.016323785199682236,0.9244619096643123,0.7980148983374864,25,0.5830589626246112,0.566841875698886,95.52294429449873,50,0.05890402275723618,0.18335532456518763,0.32125613421329496,5.0,0.008899624510865314
14,TrialState.COMPLETE,0.003890490171335848,0.7,1467,5,0.014553136028124409,0.7506065178748799,0.8491475894833875,28,4.21180126354622,3.6547718792731194,60.257440920984266,80,0.04388164497896155,0.11995577403812849,0.36581519589889494,6.0,0.003890490171335848
15,TrialState.COMPLETE,-0.002387095836108428,0.65,637,5,0.009934744728822427,0.600824205060754,0.7111216300274021,32,1.294926164981059,0.6148316115661007,1.4814770564945425,80,0.03475359521774839,0.10570345526928407,0.3287839089953315,6.0,-0.002387095836108428
16,TrialState.COMPLETE,0.042549389857230335,0.5,1039,2,0.004264493684884854,0.93505936587117,0.8679900602561028,30,2.4537176664856193,0.005968424214950642,2.055294619639016,50,0.08526080461237492,0.14689040710905624,0.5804382075752198,5.0,0.042549389857230335
17,TrialState.COMPLETE,0.011732951719275842,0.5,847,3,0.02712370287111172,0.5557573954519024,0.5080363202534581,6,0.24437281391382082,6.760841635746449,25.545577128619282,50,0.062329647450088524,0.15965014532073007,0.39041397253269655,7.0,0.011732951719275842
18,TrialState.COMPLETE,0.04143010380874303,0.65,974,4,0.01425460512829962,0.8925959364753289,0.7793468158094725,10,0.42341248440257906,0.7519500713875511,1.1298547638502785,30,0.07747096111539117,0.11353761986657403,0.6823373715816194,5.0,0.04143010380874303
19,TrialState.COMPLETE,-0.035484309697251304,0.7,1506,2,0.004765879931055976,0.5903112005509707,0.4591109128257749,8,4.098040640498141,0.002083148407940255,4.344614632832499,20,0.021141543919247885,0.18979593474916262,0.11139092071275863,7.0,-0.035484309697251304
20,TrialState.COMPLETE,-0.06766446193260953,0.6,882,2,0.02663280003481459,0.8727338957069055,0.9452525710003366,19,2.232108514756699,2.992919039089855,4.804045151253054,20,-0.009353665156074064,0.18488731721601065,-0.05059116707905839,8.0,-0.06766446193260953
21,TrialState.COMPLETE,0.010147449250491838,0.55,1496,3,0.004111004193160347,0.9121527905677054,0.4956433383930668,16,5.700371802304829,18.029490848139364,14.024125070550067,20,0.05672502664664536,0.1528878869807676,0.37102368125331625,6.0,0.010147449250491838
22,TrialState.COMPLETE,0.006598863614627831,0.55,657,4,0.012200544669387518,0.9050816731033199,0.6254575062760394,9,0.8579500923170151,2.566701916941714,17.235985760824935,50,0.04768236614074618,0.12541751263059175,0.3801890592519655,6.0,0.006598863614627831
23,TrialState.COMPLETE,0.02160459142754313,0.65,971,5,0.043762935002189335,0.9444004255291483,0.8266890926294708,18,0.5010043001920126,3.015650277479704,13.08604771379997,30,0.059473454581945175,0.12267764910534357,0.48479454094262264,5.0,0.02160459142754313
24,TrialState.COMPLETE,0.01842136019278677,0.7,1346,4,0.045444014944782486,0.6999482318094816,0.5928560431409303,36,1.3415750311167158,20.533553039231737,1.0575695778888723,20,0.0495845415441146,0.10248257342330583,0.48383388402343197,4.0,0.01842136019278677
25,TrialState.COMPLETE,0.06604750764948093,0.5,902,2,0.0049443926497692095,0.8957354091487616,0.8405899059985489,37,2.5981923638252975,0.0024933486634320804,2.7421184815024877,50,0.10947018298155041,0.16378004332701407,0.6683975700444468,4.0,0.06604750764948093
26,TrialState.COMPLETE,0.08269066303886931,0.5,813,2,0.0058823995108383655,0.8889064217014964,0.9182701955574355,35,2.357739640914011,0.0044241786624371945,12.735177839476084,50,0.12732993900579112,0.16986304650127573,0.749603528421556,4.0,0.08269066303886931
27,TrialState.COMPLETE,0.06166166574746649,0.5,730,2,0.004328558389772652,0.8666539165838161,0.8256677322788158,35,3.4589796221094624,0.021167048253399136,13.71072600357532,50,0.10241838556448463,0.15045026575175738,0.6807457936529986,4.0,0.06166166574746649
28,TrialState.COMPLETE,0.01598230514771532,0.55,651,3,0.004700156450131869,0.8285771239593809,0.7375417274583703,39,2.901785212588474,0.0022116971054367907,9.115113821204021,50,0.057039263487016933,0.1386181250298414,0.41148488680493733,5.0,0.01598230514771532
29,TrialState.COMPLETE,0.036268687962962606,0.45,737,2,0.005707745135057745,0.8432548922409996,0.788523369428222,38,4.399090882701076,1.1309354104629046,9.219255870073178,50,0.08440660647078282,0.18735625920576776,0.4505139397455709,4.0,0.036268687962962606
30,TrialState.COMPLETE,0.06803362990465885,0.5,721,2,0.006039747296053022,0.7574147336426877,0.8370064576165136,33,2.4911560082870814,0.00971656511984137,15.11038573167083,20,0.11159581209316431,0.16447757760919393,0.6784864764869102,4.0,0.06803362990465885
31,TrialState.COMPLETE,0.02873217199642689,0.5,601,3,0.00780875420233828,0.6775355498597594,0.8741513737504458,27,2.588085813642227,0.013660984751128863,2.974845777985082,20,0.06883209836562695,0.13383296517933363,0.5143134822828833,5.0,0.02873217199642689
32,TrialState.COMPLETE,-0.07671708550582976,0.65,752,2,0.009625400499317661,0.8153643999507958,0.8960323208201123,34,2.392562105313403,0.0011847459678103185,16.727228758567765,20,-0.013149355860949017,0.19783864822440372,-0.06646505108564031,9.0,-0.07671708550582976
33,TrialState.COMPLETE,0.05106337889587297,0.5,643,2,0.005505953105829757,0.7762481636979487,0.8414768316362552,38,2.3810500208976815,2.2118238649772497,54.29760054798892,20,0.0908318048840923,0.1455087966077633,0.6242358331705574,4.0,0.05106337889587297
34,TrialState.COMPLETE,0.06603315986904558,0.5,880,2,0.006358049476497041,0.9085519307672143,0.8357885899988408,30,3.1883154981980115,0.004319336316489121,48.47080274821382,50,0.10993008125493033,0.16615127359609042,0.6616264737287997,4.0,0.06603315986904558
35,TrialState.COMPLETE,0.01279549911245317,0.7,1069,3,0.006520969950934859,0.8806776444319434,0.8727017962384125,32,2.6440940917981512,0.0010699483041645694,83.61354289991918,80,0.05248156724754824,0.13176367400880867,0.39830072774109,5.0,0.01279549911245317
36,TrialState.COMPLETE,0.014240924277136548,0.45,671,2,0.005840563465947093,0.6410016193793141,0.7549534811820403,32,1.5412099637171055,0.0019623122712240145,19.196758248015037,20,0.06623954832070647,0.19332645355118294,0.34263054591838166,5.0,0.014240924277136548
37,TrialState.COMPLETE,0.05648740079982089,0.5,916,2,0.00745940033298478,0.9036698145213484,0.9042775467561082,25,4.009309896843938,0.00136432504597625,56.0976246703956,50,0.09994966871359881,0.16397800623555628,0.6095309426437346,4.0,0.05648740079982089
38,TrialState.COMPLETE,-0.06846734765089987,0.6,697,2,0.005779252399655829,0.7654644579302025,0.9237243170217196,40,0.5334766095258914,0.004932860121603642,42.38411427071871,30,-0.012563281389699013,0.17285366463933766,-0.07268160276446861,8.0,-0.06846734765089987
39,TrialState.COMPLETE,0.06579789012877592,0.5,801,2,0.007179362768144213,0.7730964291277962,0.8247312563604163,33,0.39076531613508925,0.025593661652613026,11.881515121155273,20,0.10880265517547788,0.1616904919001764,0.6729069464557624,4.0,0.06579789012877592
40,TrialState.COMPLETE,0.03304995085268167,0.7,746,2,0.0061135261509582045,0.9328077648615067,0.7672565896524949,36,0.8714325416536945,0.006301816472534454,61.55682709013979,50,0.08132911667125926,0.1747291624262213,0.46545817276266155,5.0,0.03304995085268167
41,TrialState.COMPLETE,-0.027634871752699255,0.6,730,2,0.007692905942639524,0.7134940993011019,0.8247014791091762,31,0.45328343364216683,0.054847766129476984,4.977372744463975,80,0.02723163739046004,0.18099921238246314,0.1504516899936438,7.0,-0.027634871752699255
42,TrialState.COMPLETE,-0.021765834138493517,0.6,946,3,0.00414320634276559,0.8917399996749394,0.933808664511251,37,2.172977822489122,0.007539533645188207,3.7498555606952224,80,0.02372799166689169,0.16080246236025936,0.14755987762010675,5.0,-0.021765834138493517
43,TrialState.COMPLETE,-0.02113272541663534,0.55,859,3,0.006026812618043172,0.8322506674056247,0.8965107305744632,32,0.07203599915810643,0.08769608011040977,6.114698478553152,20,0.02774137332116997,0.16437049368902654,0.16877343797271807,6.0,-0.02113272541663534
44,TrialState.COMPLETE,0.0376935712938309,0.5,929,2,0.00656452664167217,0.7492827466570583,0.6839311625322264,30,0.9392685838837458,0.002775142863300826,9.758480912443819,20,0.08810607754185057,0.18539586457343168,0.475232161971733,5.0,0.0376935712938309
45,TrialState.COMPLETE,-0.020658494858635006,0.45,716,2,0.006800362753645805,0.807647270100875,0.9439133837851729,19,1.6934508699920618,0.015521136241367424,4.1971726286288185,50,0.031998452705310966,0.19661807115306318,0.1627442102226749,5.0,-0.020658494858635006
46,TrialState.COMPLETE,0.0710244872983103,0.5,899,2,0.010916886603750243,0.6571026913266675,0.9205982223161809,26,0.5308240734364047,0.037217495676843446,10.52339695652072,20,0.11694215988182587,0.17625502958424444,0.6634826827788829,4.0,0.0710244872983103
47,TrialState.COMPLETE,0.04622277967522577,0.5,1060,2,0.015246584510248545,0.5657916146700269,0.8714995957877196,30,1.0428001195402068,0.020377804932554623,20.41403606272637,80,0.08725811683498515,0.1385100191321302,0.6299769315008625,5.0,0.04622277967522577
48,TrialState.COMPLETE,0.02907875114850388,0.45,1155,3,0.007093202216028823,0.5715214815810173,0.9245505621518002,23,0.008032795329138254,0.013614880625567887,5.353377126810934,30,0.06858596258065172,0.13086939049407253,0.5240794835348315,5.0,0.02907875114850388
49,TrialState.COMPLETE,-0.044050088859983405,0.6,712,2,0.006854810107318772,0.8264624896748136,0.7492847899099305,19,3.1663820087034487,0.01806282295684794,23.84955144759237,20,0.020036598205583407,0.2137667686611674,0.09373111794257678,8.0,-0.044050088859983405
50,TrialState.COMPLETE,0.025983310693349682,0.5,802,3,0.010237365232588209,0.870499638955381,0.8948647296430299,26,1.8157550928475876,0.0035935378216936957,11.121428267254906,50,0.06939289432772648,0.15038125150521733,0.4614464478327537,5.0,0.025983310693349682
51,TrialState.COMPLETE,0.0506239779223835,0.5,1291,2,0.013118787960853712,0.7247627974433027,0.8515352683491174,36,0.5589828527924443,0.2868026516919168,7.778269766992772,20,0.09480281065358441,0.1675608303226712,0.5657814566269637,4.0,0.0506239779223835
52,TrialState.COMPLETE,0.03775625092291231,0.5,774,2,0.005458566326940008,0.9429015124398834,0.6940335169295208,37,1.2986468645886886,0.006567461959194496,3.2076076073050617,30,0.0828372294173267,0.17207155913873862,0.4814115117684052,4.0,0.03775625092291231
53,TrialState.COMPLETE,0.05472145380646429,0.5,979,2,0.00958124943728971,0.6567314464223492,0.8431124083696583,13,1.7449805613252511,1.1636649781319799,8.479096543506904,20,0.10160287790765335,0.16774045383927863,0.6057148146564851,5.0,0.05472145380646429
54,TrialState.COMPLETE,-0.004035974107443493,0.5,734,2,0.008262334077736327,0.6874034137782621,0.9439110309447251,31,1.2583792926809136,0.007837843746869742,16.315812954677504,20,0.05097494671264714,0.2083879374337865,0.24461563054168622,5.0,-0.004035974107443493
55,TrialState.COMPLETE,-0.05350063683215234,0.55,1074,2,0.00882328921311579,0.8880893467914303,0.8106614181012242,35,4.1990025321443785,0.07647391479000656,3.9382459286177536,30,0.0074994366142362694,0.19833370056527636,0.03781221543722483,8.0,-0.05350063683215234
56,TrialState.COMPLETE,0.05374399863048037,0.5,1137,2,0.010690586438254133,0.741440467199898,0.8743262127940455,39,2.102228128459489,0.039536533012840304,36.09656138499064,50,0.09650144943563285,0.1604539206924291,0.6014278056851883,4.0,0.05374399863048037
57,TrialState.COMPLETE,-0.005896872844680986,0.7,1023,2,0.005167757033936494,0.8729636072556457,0.7337930650128746,26,4.109843800237493,0.0036460092368997233,22.086946806842175,30,0.05120721839575288,0.19218712286883596,0.2664445860438882,7.0,-0.005896872844680986
58,TrialState.COMPLETE,-0.004882552293252285,0.55,990,2,0.00492885499321598,0.9214036646195157,0.7359189123202934,30,4.125988409251981,0.030914152579611633,30.12804720115611,50,0.05232562191365987,0.19270753770122742,0.2715286726084643,7.0,-0.004882552293252285
59,TrialState.COMPLETE,-0.07641994625214196,0.65,1107,2,0.004333320525456014,0.8680172861184346,0.8671340798241451,36,1.6629625367831844,0.01494465639334629,7.508034240881657,50,-0.011195515974638104,0.20612215138751933,-0.05431495789887235,9.0,-0.07641994625214196
60,TrialState.COMPLETE,-0.026853567213855133,0.7,879,3,0.019761573881452027,0.5863477556703772,0.8644717042175509,29,1.231200467255667,1.4262736133222769,4.786956660889591,20,0.022237047299649513,0.16545307256752323,0.13440093287221563,6.0,-0.026853567213855133
61,TrialState.COMPLETE,0.0723233386477748,0.5,637,2,0.004681082723199808,0.8340165976115395,0.8953058078521438,34,3.248554236677829,0.002464376508223704,14.662755971082492,20,0.11521062684808966,0.16110310766824087,0.7151359679873001,4.0,0.0723233386477748
62,TrialState.COMPLETE,-0.007802146486242369,0.45,881,3,0.00404596137078302,0.8520739966876291,0.8172802470100147,40,1.6016700946913756,0.010449907589985985,10.654936553467516,20,0.032643729677205295,0.1222293808172383,0.2670694186532398,6.0,-0.007802146486242369
63,TrialState.COMPLETE,-0.009361175895642556,0.5,723,2,0.005308637648003356,0.9209308508612726,0.9363055227355243,37,0.6481606336450736,0.001339953486133714,15.78525638888963,50,0.04467940302884621,0.20353622795577714,0.21951572689336576,5.0,-0.009361175895642556
64,TrialState.COMPLETE,0.06522146562355059,0.5,747,2,0.009712727653878065,0.8093423765838682,0.8786076613893992,31,4.9557174449179,0.0011188896967379183,14.03741727807348,20,0.10872775622855041,0.16419811969166573,0.6621741858720515,4.0,0.06522146562355059
65,TrialState.COMPLETE,0.03393675855053778,0.5,993,3,0.02895629835126258,0.6915026913886427,0.8504199288568897,23,0.6098590441895082,0.06853118811405029,15.824100220481744,20,0.07629276287281424,0.1451133549447156,0.5257459790787676,5.0,0.03393675855053778
66,TrialState.COMPLETE,0.00028653253418823785,0.5,695,3,0.004833446590327074,0.9424946289930178,0.764647626954716,39,3.334280468261368,0.0012339119903977027,1.5855917229770222,80,0.048414596783864464,0.1473069879150478,0.3286646307083901,7.0,0.00028653253418823785
67,TrialState.COMPLETE,0.059815735510169325,0.5,671,2,0.004665295996315954,0.8667591614704413,0.9005129074645065,40,2.4778793429022703,0.0019067131557740774,10.148756604115611,20,0.10238047817581158,0.15949037999487797,0.6419225923162233,4.0,0.059815735510169325
68,TrialState.COMPLETE,-0.0010138307486329858,0.65,642,2,0.006137070430882644,0.9087070959477154,0.7632494327305022,26,4.182321173631297,0.003121238187649549,28.25615125019871,80,0.056137888574828994,0.19242526328397655,0.2917386605935524,7.0,-0.0010138307486329858
69,TrialState.COMPLETE,0.013272355961674271,0.5,1043,3,0.011354816419599578,0.7759787879530052,0.7733819125578502,35,2.2297399562914166,0.01629506791378461,1.429631897826244,50,0.05548382378769523,0.13105733913010478,0.42335533558036514,6.0,0.013272355961674271
70,TrialState.COMPLETE,-0.021565388693173003,0.45,851,2,0.005617621282708811,0.8062624622104828,0.9393098242252516,40,4.100835822474901,0.008867596183923885,28.024426441352844,80,0.030946018221023244,0.19589036790431455,0.1579762116539557,5.0,-0.021565388693173003
71,TrialState.COMPLETE,0.0015596081930100807,0.5,677,2,0.006621448690452551,0.7720679677547306,0.7211055215461105,35,5.014754052332325,0.12229503950480483,16.79886111239415,20,0.061613350411789954,0.206935377760566,0.2977419863078198,7.0,0.0015596081930100807
72,TrialState.COMPLETE,0.045184753286215025,0.5,710,3,0.01698822560429266,0.7739755210857732,0.8527958930198232,31,5.06516811857918,0.010119861441091269,23.306886317475108,80,0.08458790035265405,0.14368240199886181,0.588714408834313,4.0,0.045184753286215025
73,TrialState.COMPLETE,0.02535075644827936,0.65,645,3,0.008837019383445001,0.8497649316813115,0.7999927449492864,38,5.93084303330318,0.004586989365985263,5.478547864185459,20,0.06642975954243686,0.1520616821374542,0.43686061214546174,4.0,0.02535075644827936
74,TrialState.COMPLETE,-0.11072708714297844,0.6,612,2,0.004296691100522002,0.7953779978381803,0.9088680724307721,24,5.444999679933616,0.001831062271071589,13.50632652858316,20,-0.046021693170728906,0.19019363652791427,-0.24197283363880795,10.0,-0.11072708714297844
75,TrialState.COMPLETE,-0.0873115913782353,0.55,710,2,0.024606317000425548,0.6840494433831017,0.8395915779344063,26,4.420449796625976,0.0019386495302651213,15.176166754165319,20,-0.021336266718417148,0.19654328996575743,-0.10855759421822256,10.0,-0.0873115913782353
76,TrialState.PRUNED,-0.04707487761605174,0.5,752,2,0.008040197800717757,0.8164123666548352,0.933234487944471,40,2.7565346409660374,0.0023827752164642824,2.117116377191382,50,,,,,
77,TrialState.COMPLETE,0.0004591527604941928,0.5,1029,3,0.00417286863783476,0.8421239388272481,0.9374645375430366,23,3.4882250856997836,0.005487025191735653,12.865728939128587,20,0.04926963618390488,0.16405241711705346,0.3003286208745732,6.0,0.0004591527604941928
78,TrialState.COMPLETE,0.022378458642391227,0.5,632,2,0.006399407984193536,0.8373467050142086,0.9316843377991415,28,5.23657663287331,0.0010645454586940132,76.30397532749805,20,0.06833346563899652,0.1764417016496931,0.38728636711215586,4.0,0.022378458642391227
79,TrialState.COMPLETE,-0.08355394760322868,0.6,891,2,0.005390132618195718,0.938631631863202,0.9225791249808545,39,2.6790905777797356,0.0262936592214857,9.788729123114393,50,-0.02555592549123512,0.18332344389330116,-0.1394034769830601,8.0,-0.08355394760322868
80,TrialState.COMPLETE,-0.020137742274635644,0.65,1104,2,0.008672887394486387,0.9497248841287839,0.9224234468489825,34,3.3059301904622664,0.014754606736743173,88.31185920052107,50,0.029493031070570695,0.1681538667260317,0.17539311848607592,6.0,-0.020137742274635644
81,TrialState.COMPLETE,0.058438599481578986,0.5,1118,2,0.0042885029184316584,0.8291454425445202,0.8807021585508502,37,4.819791930789476,0.007460499923373417,12.73151291717995,50,0.09930789718644722,0.1510131551910079,0.6576109019167129,4.0,0.058438599481578986
82,TrialState.COMPLETE,0.0655389008884241,0.5,753,2,0.00442227256387774,0.9016042202136736,0.8400538304493657,35,3.2925876138657606,0.39192860714016986,16.228581804513663,30,0.10664819260395415,0.15221312524431693,0.7006504362404582,4.0,0.0655389008884241
83,TrialState.COMPLETE,0.050352051202598086,0.5,631,2,0.009940972448474337,0.8513464277003027,0.8820168191630209,17,4.841045613813611,0.005800859753798752,6.890106900409864,30,0.09358028614778478,0.16280784139260016,0.5747897972685616,4.0,0.050352051202598086
84,TrialState.COMPLETE,0.042520332492434504,0.5,666,3,0.004467959625294302,0.848629210900048,0.8427291313724987,33,2.8451755869372226,0.6433290547357388,10.918995411949004,30,0.08220123499736438,0.14507117919131607,0.5666269169078687,4.0,0.042520332492434504
85,TrialState.COMPLETE,-0.05899411983042523,0.65,1115,2,0.013308966200819271,0.6699307758140187,0.8289208876827361,18,1.5182921501867106,0.013844065852870907,11.729381635017385,20,0.006966192369626565,0.20980156100025898,0.03320372039375801,9.0,-0.05899411983042523
86,TrialState.COMPLETE,0.00586108106848391,0.5,936,3,0.016122614654593675,0.7797697716630866,0.8027728317447493,27,4.9016997879741995,0.0010605178838116343,7.771130059457826,20,0.04717682336748181,0.12657871149498948,0.3727074071957927,6.0,0.00586108106848391
87,TrialState.COMPLETE,0.04581758621402493,0.5,645,2,0.011460168453083352,0.7381771048252225,0.8624620477986451,29,0.13524891076482248,0.2802428736469838,2.5381008308266013,20,0.09305518442494674,0.16952132438794243,0.548929078751142,5.0,0.04581758621402493
88,TrialState.COMPLETE,-0.0435797301325696,0.55,1017,2,0.007527417948703913,0.7893076862382313,0.8214201272917895,33,4.283751913469139,0.0045384896086626,16.078823560753698,20,0.02072194122701759,0.21484169013126925,0.09645214210685267,8.0,-0.0435797301325696
89,TrialState.COMPLETE,0.027933566133324306,0.5,809,3,0.006176813198722804,0.894047313339157,0.8506621218992949,35,2.7933515007469167,0.015051922467608263,50.36475077742155,30,0.06968113618115793,0.14207118357250145,0.4904663593908782,5.0,0.027933566133324306
90,TrialState.COMPLETE,0.01714512785877642,0.7,908,3,0.00849225592117445,0.7092031069849787,0.8346045627842786,26,0.08121363953349281,0.028613362017315038,25.176478142437492,50,0.05801940414530628,0.13770471476598262,0.42133200917561386,5.0,0.01714512785877642
91,TrialState.COMPLETE,0.0261432125292861,0.5,644,2,0.011850079669080218,0.8974401023640808,0.6785380550632543,35,2.8177220003241166,0.017154609872635635,19.443409118187525,50,0.07543106428791302,0.1664392587931346,0.4532047597115618,6.0,0.0261432125292861
92,TrialState.COMPLETE,0.04831298777075365,0.5,692,2,0.004324629305002968,0.8918114614999451,0.8246868940522418,40,3.116260967889647,0.048310722514660336,6.8979295499043936,50,0.08823920979961933,0.14629777681099507,0.6031479884593002,4.0,0.04831298777075365
93,TrialState.COMPLETE,0.06925648509319911,0.5,629,2,0.009401946338839501,0.7761642260400708,0.9262016932617863,31,3.8360442608475416,0.0056644575263127385,6.65488195512869,20,0.11491529929552395,0.1749607376782909,0.6568062116131705,4.0,0.06925648509319911
94,TrialState.COMPLETE,-0.008059946291698258,0.7,868,2,0.004507471752545958,0.8941377197479538,0.8497989623054841,39,2.5755013110843006,0.5944997560517962,56.58032456949197,30,0.04811377308703858,0.18753526356035086,0.25655853823755687,7.0,-0.008059946291698258
95,TrialState.COMPLETE,0.07752583709685952,0.5,600,2,0.012037233105283924,0.7161584677485553,0.9245489293278961,37,4.051688107737438,0.003474880196210037,12.772441024564618,20,0.12169287389551624,0.16750185065995019,0.7265165931961437,4.0,0.07752583709685952
96,TrialState.COMPLETE,0.05892683160512185,0.5,725,2,0.006134248148431759,0.8444609705914905,0.8288753664773922,22,0.22173193561781845,0.11659387221040136,77.08948749600505,80,0.10220558626562713,0.16306043996919314,0.6267957224016858,4.0,0.05892683160512185
97,TrialState.COMPLETE,0.03234778022484107,0.5,828,2,0.014414354253077596,0.6590347977579126,0.9317971599697209,35,4.8726674140915565,0.013970308269448428,19.101253183569103,30,0.08399272525675547,0.19155805849290533,0.43847137477573817,5.0,0.03234778022484107
98,TrialState.COMPLETE,-0.04797949773804281,0.65,752,2,0.007221176366690742,0.781705617153066,0.7699428027269858,34,0.24446828532347922,0.36837329090041193,19.81483531086093,20,0.015635620809120395,0.21140892606914935,0.07395913266219502,8.0,-0.04797949773804281
99,TrialState.COMPLETE,0.09125276964263809,0.5,855,2,0.006829896117407288,0.6116035733126465,0.9128677797080215,37,4.285143264910846,0.0016119367273648671,6.808201906494792,20,0.13461719269211153,0.16348878191403382,0.8234032397580426,4.0,0.09125276964263809
100,TrialState.PRUNED,-0.1499189434278826,0.7,717,2,0.014528724589521133,0.7703534301351348,0.9050572774784076,25,5.072888143622931,0.008912225680149443,1.8534359747958185,20,,,,,
101,TrialState.COMPLETE,0.05983383755536647,0.5,1048,2,0.007139263377648918,0.5887863584562067,0.8977053364938566,32,4.95078362621071,0.05420423723929449,3.171467195838087,20,0.10216989796516787,0.1583469687156737,0.6452280002190832,4.0,0.05983383755536647
102,TrialState.COMPLETE,0.07156867216545064,0.5,1121,2,0.00525656987377174,0.6491645588156643,0.917233450186896,18,0.893919261057913,0.011377334025342519,13.191329403738761,20,0.11503022021731205,0.1639744069259737,0.7015132566952504,4.0,0.07156867216545064
103,TrialState.COMPLETE,0.0397114845046192,0.5,1296,3,0.0060219536935841094,0.6641896271996865,0.9247805792675833,17,0.23112125745610712,0.0031019104812844553,36.3559138091821,30,0.0782516121667372,0.12603397164392338,0.6208771424566151,5.0,0.0397114845046192
104,TrialState.COMPLETE,0.07260899364249315,0.5,1273,2,0.00783799187207532,0.580253189841037,0.9283412225754891,15,1.0054846548817356,0.002580457278036826,6.0228310032113574,20,0.11745343178642557,0.17088885738632875,0.687308895283315,4.0,0.07260899364249315
105,TrialState.COMPLETE,0.0831592356510908,0.5,1477,2,0.009828214938325896,0.6252741616721238,0.9016600633080449,11,1.2863020044832791,0.006232053348065613,8.040104854132517,20,0.12828885552282338,0.1723147660253295,0.7445029725657144,4.0,0.0831592356510908
106,TrialState.COMPLETE,0.06944200465237096,0.5,1327,2,0.011792227186787204,0.5846831534047433,0.9039531980372268,11,0.2042012685631689,0.0017379561574006029,5.021217061645504,20,0.11706038092651769,0.17142521470406694,0.6828655931894277,5.0,0.06944200465237096
107,TrialState.COMPLETE,-0.09811772768893787,0.7,1180,2,0.005724028575230472,0.5942020235487979,0.9160598635442637,19,0.5101882889005107,0.0013178708652047365,4.05296247637558,20,-0.03907637867089863,0.17520674509019624,-0.22303010452469826,9.0,-0.09811772768893787
108,TrialState.COMPLETE,0.02955282436617536,0.5,1318,2,0.017074176319252298,0.6052939775393558,0.8593420606325795,12,1.0661492566820203,0.008091964707984692,2.356946749948776,20,0.06780359908082276,0.13792054023990366,0.49161349689381206,4.0,0.02955282436617536
109,TrialState.COMPLETE,0.03143805474080351,0.5,1471,3,0.0069266535842853584,0.691640766453909,0.8100721094668979,20,1.4064890637509573,0.05779777660866262,12.310564253150787,20,0.07335680859500461,0.12959376927100552,0.5660519715388584,6.0,0.03143805474080351
110,TrialState.COMPLETE,0.06182510652719115,0.5,1306,2,0.007517249066089342,0.5986445725164132,0.8445053390801498,18,1.7841423663644425,0.001063949116612977,8.302251741795697,50,0.10518390829783673,0.1634606755198946,0.6434814242832059,4.0,0.06182510652719115
111,TrialState.COMPLETE,-0.008374854218264803,0.45,1325,2,0.00431356082206867,0.5703835909404266,0.850644949519581,9,1.2730420649640308,0.024186873660381067,17.999470586759227,20,0.04485947052124912,0.1861716236975696,0.2409576155070873,6.0,-0.008374854218264803
112,TrialState.COMPLETE,0.05477562213500156,0.5,612,2,0.011530663143614082,0.6590621887289604,0.8608546864521703,38,3.5644016690914695,0.007261458699826203,8.420386800335875,20,0.10221957543256062,0.17055309982112857,0.599341645151954,5.0,0.05477562213500156
113,TrialState.COMPLETE,0.000381725360011128,0.5,950,2,0.008985730799498872,0.5850354892186249,0.9403687578035996,18,0.016809014735003847,0.007981717667750254,20.770569614666798,20,0.055602090324089096,0.20943515815372316,0.265485942352037,5.0,0.000381725360011128
114,TrialState.COMPLETE,0.0772200582777109,0.5,1294,2,0.009913996286822987,0.5765728965342166,0.8580684323651108,9,1.7899820911822877,0.0010005600580327715,7.085256994764881,20,0.12243495807216712,0.17274116563894773,0.7087769589796137,4.0,0.0772200582777109
115,TrialState.COMPLETE,-0.008706261396118182,0.7,656,3,0.005470127875040097,0.5918451892190087,0.9005320716997226,33,5.279631505823191,0.0029458990070013805,12.546134855258577,20,0.030874580434119895,0.14457087581785705,0.2135601673536126,4.0,-0.008706261396118182
116,TrialState.COMPLETE,0.03732981484485039,0.5,1131,2,0.015558141522078376,0.5982989094683197,0.833947446285276,8,4.185004369814718,0.013163735187637872,9.909903426444034,20,0.0793704498548348,0.14353650838325535,0.5529634986167322,5.0,0.03732981484485039
117,TrialState.COMPLETE,0.02539099900726387,0.5,1076,3,0.00412700754982175,0.6294586296849786,0.8165887721457569,7,0.31747511283318053,0.005298387747580749,2.233268919299188,20,0.0663177697744194,0.13796718716911097,0.48067784184895723,5.0,0.02539099900726387
118,TrialState.COMPLETE,0.05334027889555237,0.5,687,2,0.005244365454374536,0.6191905832519775,0.8963314894687388,37,4.056864307547266,0.0024564065162296744,5.562978040042235,80,0.09871906305746772,0.16022725414291003,0.616119046572552,5.0,0.05334027889555237
119,TrialState.COMPLETE,0.005740665950948597,0.5,1579,2,0.013980894420524786,0.5531911520670605,0.9465294489512799,7,2.6428043616511956,0.03711393290245383,28.04796739939036,50,0.057071402889670525,0.17665368469360962,0.32306941680076406,6.0,0.005740665950948597
120,TrialState.COMPLETE,0.014152342175489132,0.5,1316,3,0.011176618464065924,0.618419581655631,0.8739409874962655,10,0.6680811868536383,0.018928074338852983,9.24807966384143,80,0.059290281291269745,0.1323563622455697,0.44795943531044224,7.0,0.014152342175489132
121,TrialState.COMPLETE,0.08697501731800276,0.5,1567,2,0.005400565162363611,0.655509951081149,0.8899046139959436,6,0.7204171835984584,0.0011743317716761466,8.055323471198985,20,0.1326958664637919,0.1752709123956122,0.7570900650318851,4.0,0.08697501731800276
122,TrialState.COMPLETE,0.06841495917359705,0.5,1319,2,0.006738646720165535,0.6428677004884147,0.8314091102196502,5,0.9953541518478952,0.0019586451453486643,17.52741005104993,20,0.113949207541057,0.16100457517063305,0.7077389410847074,5.0,0.06841495917359705
123,TrialState.COMPLETE,-0.0832180345052359,0.55,1279,2,0.007902876208574203,0.6057452940800322,0.8401870827942528,6,1.2166559192165507,0.001292028778369718,5.385983005961806,20,-0.01810664371240506,0.20555695396415427,-0.08808577556350908,9.0,-0.0832180345052359
124,TrialState.COMPLETE,0.06972618030338444,0.5,1545,2,0.007510949944727256,0.6885506684321504,0.9114856467133392,14,1.1676855389620409,0.0050510302586468485,3.0385879793814254,20,0.11582227278843892,0.17714712909193897,0.6538196434915262,4.0,0.06972618030338444
125,TrialState.PRUNED,0.002183012235502796,0.5,1580,2,0.006733696875091327,0.7178198785920038,0.8799656142073603,7,0.8841737960631482,0.019778564712480292,1.965313566662087,20,,,,,
126,TrialState.PRUNED,-0.1124309155505265,0.45,1465,2,0.01031846059507401,0.7166124779936067,0.8875385200704926,7,0.6569463943463812,0.0018570398016231771,2.854330074036945,50,,,,,
127,TrialState.COMPLETE,0.01304857370266119,0.5,1598,3,0.005459149929338573,0.7592804367129293,0.8899947020577615,15,2.178283137207659,0.004299750206209789,3.521171815396288,80,0.054150897475209465,0.1388449521960747,0.3900098391674938,5.0,0.01304857370266119
128,TrialState.COMPLETE,0.042198089052683345,0.5,1560,2,0.006018566122533464,0.738881408184467,0.9308202780912521,9,0.4108980150201446,0.0022518305361178843,9.443866459768484,20,0.09220861091650737,0.19671927598578678,0.46873195549565544,4.0,0.042198089052683345
129,TrialState.COMPLETE,0.08975573418184886,0.5,1143,2,0.00955480565145443,0.6327645235963224,0.8788561195047381,40,3.151766721801865,0.0011766649580076676,14.102811730211263,20,0.1349558290198515,0.17266714085667983,0.7815953188908704,4.0,0.08975573418184886
130,TrialState.COMPLETE,0.008217175219463472,0.65,1272,3,0.005853145752616774,0.6603282254823721,0.820816454850615,40,4.383140053539481,0.0014649963587831842,15.772572077594825,20,0.05031253290529729,0.1438101217625024,0.3498539065865388,5.0,0.008217175219463472
131,TrialState.COMPLETE,0.05273162522504793,0.5,1185,2,0.0066150362319408774,0.7248398672941567,0.7932874623868451,39,3.426161099294971,0.0010758113526198446,65.0520722773908,20,0.09813132564981995,0.1603318354571934,0.612051408068735,5.0,0.05273162522504793
132,TrialState.COMPLETE,0.0006563105964466458,0.5,1513,3,0.0105676784519357,0.5733745594771483,0.9344205579701962,20,0.6931747674169254,0.0011950330256484648,4.2293457929722855,20,0.04646061923882137,0.16235487654520694,0.2861670694928873,5.0,0.0006563105964466458
133,TrialState.COMPLETE,-0.06409130830154161,0.7,969,2,0.016924374041345842,0.6418055825462301,0.9186503779586339,39,3.825146640362428,0.0022086611500824003,12.277224961947729,80,-0.007409574158087375,0.1634086707172712,-0.04534382493636082,9.0,-0.06409130830154161
134,TrialState.COMPLETE,-0.08350517096770316,0.6,1091,2,0.016410343021341357,0.5841523224815157,0.8612237782078558,35,3.3202068567104157,0.0010107905538306785,18.32314138346851,20,-0.015981846468183722,0.20428328916426383,-0.07823374360950663,10.0,-0.08350517096770316
135,TrialState.COMPLETE,0.020924364988856595,0.5,1163,3,0.00945725251274921,0.6189394087114946,0.9368011399390296,40,2.607837888466908,0.003482849118084647,11.011042993757028,20,0.06328865430705606,0.15848811325766402,0.3993274511645157,4.0,0.020924364988856595
136,TrialState.COMPLETE,0.01098666671487637,0.45,1208,2,0.013705027833034103,0.624983055310202,0.9046371476889863,9,0.19281820329627944,0.002716794124342814,6.006834156640564,20,0.057215707635715575,0.17781187127086268,0.32177664644537873,4.0,0.01098666671487637
137,TrialState.COMPLETE,0.061994038060911076,0.5,1427,2,0.0049683315884240875,0.6428647300655604,0.9212813107276995,11,1.6045250394856254,0.007276813114420481,5.14447858988521,20,0.10411261821510735,0.15725956743764807,0.662043142503155,4.0,0.061994038060911076
138,TrialState.COMPLETE,-0.04650293759682045,0.6,1325,3,0.015699028789176606,0.6449081720731226,0.9348977410522626,11,1.8368169093964042,0.018940620488698906,5.390599889033539,30,0.0022870260796301702,0.16394981838225312,0.013949549332820312,6.0,-0.04650293759682045
139,TrialState.COMPLETE,0.07751397676569668,0.5,1032,2,0.006121791205096488,0.5717218043444163,0.806254480587996,39,4.761914369598914,0.0021171967217970054,2.1066428130830785,30,0.12142260621773251,0.16620981392684578,0.7305381273766088,4.0,0.07751397676569668
140,TrialState.COMPLETE,0.04014774188235898,0.5,1133,2,0.009194626757258727,0.6140493716583797,0.7662868793183243,26,4.297153210720045,0.0041258186864153905,1.9208177335530465,30,0.08583828063608433,0.17511936043529341,0.4901701355162359,4.0,0.04014774188235898
141,TrialState.COMPLETE,0.004971468820245125,0.5,1369,3,0.005663168263724602,0.6732520040342287,0.8341375582490265,38,5.639092579487982,0.0031395651230243585,4.180379568022454,80,0.04982220107799371,0.14425366128874292,0.34537910949981326,6.0,0.004971468820245125
142,TrialState.COMPLETE,0.01933819707085294,0.5,788,4,0.006126751284718316,0.5644503820624202,0.8250815522251407,38,4.887772185654676,0.008195287213947576,1.7606323943910764,30,0.055144771669834336,0.1123662063282403,0.4907593970801801,5.0,0.01933819707085294
143,TrialState.COMPLETE,0.06660185406081048,0.5,1277,2,0.004480533554939197,0.589773104159113,0.9093268603129042,39,4.632152793039302,0.001088344041104793,2.443832862461887,30,0.11288898963184574,0.1647690111885096,0.6851348370519215,5.0,0.06660185406081048
144,TrialState.COMPLETE,0.05989502198856465,0.5,947,2,0.005528473358914579,0.6044593086010341,0.8217916657473553,35,3.624260308835581,0.002986283915035788,15.060230396291724,20,0.10646223489389912,0.16616939786000567,0.6406849652520941,5.0,0.05989502198856465
145,TrialState.COMPLETE,-0.007637494365367852,0.6,1088,2,0.005023690585665059,0.6663470956948625,0.7521271984846138,36,3.1451965708007625,0.0048767015389447705,2.067920356271402,30,0.04953713894650158,0.1925398332260138,0.2572825483252194,7.0,-0.007637494365367852
146,TrialState.COMPLETE,0.062449853438760826,0.5,856,2,0.005166497225887836,0.6486634770704417,0.8445000952839781,40,4.12111132229999,0.0024670053876916444,1.3129295667380099,30,0.10629135006371158,0.16587414979142048,0.6407951461838287,4.0,0.062449853438760826
147,TrialState.COMPLETE,0.06123046252963535,0.5,1464,2,0.017560489701619594,0.6587168426655322,0.8811755642584237,8,0.14172889045755732,0.002916384495075094,6.868717940851065,20,0.10754878303822994,0.16492493587630627,0.6521074722071837,5.0,0.06123046252963535
148,TrialState.COMPLETE,-0.04954253906633664,0.6,1465,2,0.004563280094554219,0.5774941199054915,0.7768686530258917,10,0.046941326565466485,0.00860045053768567,2.643976718636093,20,0.012825845629771048,0.20517525681387178,0.06251165871041767,8.0,-0.04954253906633664
149,TrialState.COMPLETE,0.02219158402023963,0.45,762,2,0.008191299305784775,0.8229989506954365,0.8539242972469088,30,3.1985920243621404,0.021028818509964162,5.244194119972929,20,0.06800912473067369,0.175754370218837,0.38695552574876807,4.0,0.02219158402023963
150,TrialState.COMPLETE,0.04115890780887216,0.5,938,2,0.004244876468431024,0.5748358044447659,0.7367008907784693,36,4.431132027341003,0.06920838116305443,5.778476788001756,30,0.0869189911653498,0.1621337501157216,0.5360943733387534,5.0,0.04115890780887216
151,TrialState.COMPLETE,0.049849347412027026,0.5,1065,2,0.008183936205976511,0.6444076988892247,0.7334490061864463,7,0.9720898709008521,0.0012382343166053083,10.53281532139409,20,0.1044355258966933,0.1929308924233314,0.5413105417433075,6.0,0.049849347412027026
152,TrialState.COMPLETE,0.0736323080165274,0.5,1494,2,0.0074978616572781015,0.5609635430130042,0.8767361627629733,10,1.7462524037984402,0.0012261676658368156,11.176426445360672,20,0.11264450761990807,0.15506099801690332,0.7264528737757034,3.0,0.0736323080165274
153,TrialState.COMPLETE,0.07161549633255106,0.5,1525,2,0.00410066331409436,0.6089884191166146,0.7836167730214391,15,4.927944393354318,0.0010411851240070525,8.469735497621095,20,0.11172427270748021,0.14721054854131238,0.7589420310877145,4.0,0.07161549633255106
154,TrialState.COMPLETE,-0.015554125228826793,0.6,850,3,0.008215350548753024,0.6302208897997088,0.89161673505517,37,3.120574162505254,0.009311165041642455,3.1190085630639484,20,0.033576954586750106,0.16565539907788449,0.202691580073183,6.0,-0.015554125228826793
155,TrialState.COMPLETE,0.053481793956835236,0.5,1457,2,0.0046590594184698604,0.5848507562304099,0.8035363879818268,18,5.246773926406864,0.0051861012900576,24.926756370695028,20,0.09676023626848004,0.14972554489155737,0.6462506871393333,5.0,0.053481793956835236
156,TrialState.PRUNED,-0.10035785235520067,0.55,1394,3,0.006583910839912391,0.6956856343897109,0.6004765376337302,15,5.943940161549695,0.001258006156727817,25.37312199541077,20,,,,,
157,TrialState.COMPLETE,0.04980003132436037,0.5,935,2,0.008434413289734146,0.6848817090038509,0.8840177710416962,39,4.9639349745502095,0.0011291632930811423,3.9236914007924764,20,0.09121946622628903,0.15376384117630992,0.5932439351700003,4.0,0.04980003132436037
158,TrialState.COMPLETE,0.05402165472997781,0.5,1044,2,0.010075904887949636,0.5664651955823767,0.9222860291468584,10,1.3547101352136648,0.0024968384565208653,5.003477161846037,30,0.09674315528212592,0.16027416942740721,0.6036103985298996,4.0,0.05402165472997781
159,TrialState.COMPLETE,0.08636967747437693,0.5,1241,2,0.0072841201252085855,0.5536993822619045,0.9098004556776089,9,0.6941223009143205,0.004480085236724397,5.7834855659757505,20,0.12388734117626853,0.14758831850945792,0.839411563377419,3.0,0.08636967747437693
160,TrialState.COMPLETE,0.0163000021560937,0.65,1506,2,0.00875336785930054,0.6124616266180787,0.7042806898434727,8,5.430876898995779,0.0014264045729789003,8.489203711992097,20,0.07272884782312937,0.20214422833517834,0.3597869126519734,6.0,0.0163000021560937
161,TrialState.COMPLETE,0.007802278750159274,0.5,1071,3,0.006880364703003121,0.5791269848674453,0.8735178359788383,19,2.9507852611170913,0.007697329867263779,3.675521294052163,20,0.047310673885582175,0.13087530901044783,0.3614942668964804,5.0,0.007802278750159274
162,TrialState.COMPLETE,-0.020111652462495244,0.65,1580,3,0.004932427221680342,0.5973648189338348,0.8314299801133134,6,0.5974402249087376,0.001031535040733434,5.7573738154033745,20,0.027350431872293093,0.15731042167394169,0.17386280947731808,6.0,-0.020111652462495244
163,TrialState.PRUNED,0.006877715674568349,0.5,1302,3,0.006972686972227835,0.7041387679551234,0.7131472534552744,9,5.078634383790646,0.0013714873583505786,2.8523395882919385,20,,,,,
164,TrialState.COMPLETE,-0.05839027421477663,0.6,1485,2,0.012359085407862132,0.5706553153140194,0.9282421784482351,12,3.0883850727590474,0.0018580570676540787,26.856607885471636,20,-0.0047204531782098135,0.17501577184950076,-0.02697158735081897,7.0,-0.05839027421477663
165,TrialState.COMPLETE,0.0349990454910087,0.5,1543,3,0.008931043884579772,0.5546852015022838,0.8031448834329065,12,2.326576401526596,0.002163263909635415,10.011094868074425,20,0.0730025357839367,0.12335078479797333,0.5918287095092414,5.0,0.0349990454910087
166,TrialState.COMPLETE,-0.0022361087404261203,0.5,882,3,0.011009143727564712,0.7088409663470107,0.9398152630922081,24,0.9197612057067415,0.055058223447855076,10.431969306187678,20,0.04512176328841673,0.17012269347754758,0.2652307129993319,5.0,-0.0022361087404261203
167,TrialState.COMPLETE,0.04688106636849439,0.5,1076,2,0.006625433020668955,0.7514907966207752,0.8566390239131833,18,1.4455823407174198,0.01376080305329279,8.643401809851133,80,0.09360682058516501,0.1669621044166864,0.5606471055943987,5.0,0.04688106636849439
168,TrialState.COMPLETE,-0.060641054650395834,0.7,1381,2,0.011391954095755233,0.6728595343020888,0.9143969920209349,9,2.0646009125611298,0.0024513641545269725,13.80546089907827,80,-0.006637150935308289,0.16335285190877102,-0.04063076253492649,8.0,-0.060641054650395834
169,TrialState.COMPLETE,0.06644086496374185,0.5,1301,2,0.007452198013799212,0.5573760653198474,0.7932800934578008,17,4.988531521910353,0.0015869861667598927,3.9652724795304692,20,0.1035203148441466,0.1453972494020237,0.7119826218851824,3.0,0.06644086496374185
170,TrialState.COMPLETE,-0.0688506359866517,0.7,800,2,0.005622607336845425,0.9141238184740424,0.8339725546405039,34,3.3994724487497527,0.0059107798926217175,17.97754241659798,20,-0.003486263065009391,0.2068218646082115,-0.016856356418667423,9.0,-0.0688506359866517
171,TrialState.COMPLETE,0.029370315131203282,0.5,1548,2,0.004046531123743035,0.6245121008681547,0.6699604615521562,16,3.4466098033386854,0.014928837068019125,2.0414460904587797,20,0.0799956515090949,0.18646001522279146,0.4290230879446847,5.0,0.029370315131203282
172,TrialState.COMPLETE,0.06516732271096977,0.5,1126,2,0.005044046582752986,0.6620454621935111,0.916883444743797,18,2.6405982152037986,0.013145200907013327,18.121979312995347,20,0.11005661106910006,0.15777977512398475,0.6975330709060562,5.0,0.06516732271096977
173,TrialState.COMPLETE,0.052764452927578344,0.5,1550,2,0.005974861047357956,0.6390607928313724,0.8410509309652168,9,0.1976897034304349,0.007376184729837967,4.067906604304819,30,0.09363598247838922,0.1510243144207211,0.6200060092147787,4.0,0.052764452927578344
174,TrialState.COMPLETE,-0.08000794390906714,0.55,664,2,0.009959321833755915,0.7702503716253671,0.9330810445785308,26,3.886449080769881,0.03972640076880849,9.666787743500137,20,-0.024636004938303927,0.17019302818714943,-0.14475331452010728,8.0,-0.08000794390906714
175,TrialState.COMPLETE,0.014288404387846291,0.5,790,3,0.007325692821226806,0.5778976233438785,0.9192489271668147,38,5.044548106560061,0.002832681104716968,20.959731281377834,20,0.0504978664410419,0.11438064359931138,0.44148961617965504,5.0,0.014288404387846291
176,TrialState.COMPLETE,0.09890101064592177,0.5,1395,2,0.008393035437680432,0.5745165341564262,0.907772203743718,16,1.3287743160417813,0.001190849869384101,29.4881560843336,20,0.13947040482910228,0.16284697091590253,0.8564507159370353,3.0,0.09890101064592177
177,TrialState.COMPLETE,-0.07692355190167202,0.6,1425,2,0.013133522335626814,0.5657281540117982,0.8558257205347906,14,0.26510897830895985,0.0011795880257145152,7.56060769713205,20,-0.012999340289983204,0.19962105805844413,-0.06512008510734031,9.0,-0.07692355190167202
178,TrialState.COMPLETE,0.017360560504600372,0.45,1472,2,0.006377181697239767,0.6858434292570775,0.8320649572308509,19,4.764958678788209,0.0036599220491204507,3.5794848853490984,80,0.06400010041549616,0.17986436622114557,0.3558242344501256,4.0,0.017360560504600372
179,TrialState.COMPLETE,0.06464757433309745,0.5,1149,2,0.005258776966763446,0.5865806859080553,0.8862569042009922,9,0.5461757340729206,0.04339867954231393,8.056164529329143,20,0.10911008161003773,0.15564586971803468,0.7010149502052295,5.0,0.06464757433309745
